0.005,0.3684205603448276
0.025075376884422112,0.5377987649454167
0.04515075376884422,0.7071769695460058
0.06522613065326634,0.8155875
0.08530150753768845,0.8155875
0.10537688442211056,0.8155875
0.12545226130653267,0.8155875
0.14552763819095477,0.8155875
0.1656030150753769,0.8155875
0.18567839195979902,0.8155875
0.2057537688442211,0.8155875
0.2258291457286432,0.8155875
0.24590452261306533,0.8155875
0.26597989949748746,0.8155875
0.28605527638190953,0.8155875
0.30613065326633165,0.7752766995650032
0.3262060301507538,0.7275646081414155
0.3462814070351759,0.6853846544405745
0.36635678391959803,0.6478273991838693
0.3864321608040201,0.6141723867035109
0.4065075376884422,0.5838414801594659
0.42658291457286435,0.5563653732771822
0.4466582914572864,0.5313591330089441
0.46673366834170854,0.5085040540213177
0.48680904522613067,0.48753400296774185
0.5068844221105527,0.46822500780707843
0.5269597989949749,0.4503872267915891
0.547035175879397,0.43385868581205217
0.567110552763819,0.41850034590846663
0.5871859296482412,0.40419218260590495
0.6072613065326633,0.3908300429268898
0.6273366834170855,0.3783231058755206
0.6474120603015076,0.3665918154034229
0.6674874371859296,0.3555661863848528
0.6875628140703518,0.3451844073634204
0.7076381909547739,0.33539168113549206
0.727713567839196,0.3261392572419984
0.7477889447236181,0.31738362030441497
0.7678643216080402,0.30908580568371447
0.7879396984924624,0.30121081975446423
0.8080150753768844,0.29372714659970767
0.8280904522613065,0.2866063264609503
0.8481658291457287,0.2798225940545664
0.8682412060301508,0.2733525670650538
0.8883165829145728,0.2671749768773865
0.908391959798995,0.2612704350141063
0.9284673366834171,0.255621229873082
0.9485427135678393,0.2502111492768595
0.9686180904522613,0.2450253250888433
0.9886934673366834,0.24005009675984748
1.0087688442211054,0.23527289116789957
1.0288442211055275,0.23068211652583764
1.0489195979899497,0.226267068471986
1.0689949748743717,0.22201784674234948
1.0890703517587939,0.21792528105894565
1.109145728643216,0.21398086506660022
1.129221105527638,0.21017669731660105
1.1492964824120602,0.20650542843557343
1.1693718592964824,0.2029602137362755
1.1894472361809045,0.19953467062737643
1.2095226130653265,0.19622284026465028
1.2295979899497487,0.19301915295884586
1.2496733668341709,0.18991839691778753
1.2697487437185928,0.1869156899536964
1.289824120603015,0.18400645383266778
1.3098994974874372,0.18118639098285186
1.3299748743718591,0.17845146331211154
1.3500502512562813,0.17579787291558105
1.3701256281407035,0.173222044479287
1.3902010050251254,0.17072060920838603
1.4102763819095476,0.16829039012809777
1.4303517587939698,0.16592838862247047
1.450427135678392,0.16363177209104923
1.470502512562814,0.16139786261661485
1.4905778894472361,0.15922412654867255
1.5106532663316583,0.15710816491750382
1.5307286432160803,0.15504770460253106
1.5508040201005024,0.15304059018664334
1.5708793969849246,0.15108477643511778
1.5909547738693466,0.14917832134396714
1.6110301507537688,0.14731937970804285
1.631105527638191,0.14550619716411473
1.651180904522613,0.1437371046685028
1.671256281407035,0.14201051337272236
1.6913316582914573,0.1403249098640719
1.7114070351758792,0.1386788517411986
1.7314824120603014,0.1370709634974533
1.7515577889447236,0.1354999326873422
1.7716331658291455,0.1339645063536186
1.7917085427135677,0.132463487694573
1.81178391959799,0.13099573295289074
1.831859296482412,0.12956014850907993
1.851934673366834,0.12815568816394643
1.8720100502512562,0.12678135059592516
1.8920854271356784,0.12543617698028017
1.9121608040201004,0.12411924875827814
1.9322361809045225,0.12282968554542734
1.9523115577889447,0.121566643168773
1.9723869346733667,0.1203293118240532
1.9924623115577889,0.11911691434426229
2.012537688442211,0.1171940334326103
2.032613065326633,0.1148905001341951
2.052688442211055,0.11265422174187288
2.0727638190954774,0.1104826053742994
2.0928391959798995,0.10837318191068052
2.1129145728643217,0.10632359896921166
2.1329899497487435,0.10433161434592386
2.1530653266331656,0.10239508987975442
2.173140703517588,0.1005119857124907
2.19321608040201,0.0986803549148039
2.213291457286432,0.09689833845193054
2.2333668341708544,0.09516416046468817
2.253442211055276,0.09347612384345227
2.2735175879396983,0.09183260607449126
2.2935929648241205,0.09023205533967349
2.3136683417085426,0.08867298685203445
2.333743718592965,0.08715397941104391
2.353819095477387,0.08567367216264687
2.373894472361809,0.0842307615502838
2.393969849246231,0.08282399844413231
2.414045226130653,0.08145218543676279
2.4341206030150753,0.08011417429427428
2.4541959798994974,0.07880886355277734
2.4742713567839196,0.0775351962508285
2.494346733668342,0.07629215778909812
2.5144221105527635,0.07507877390917783
2.5344974874371857,0.07389410878400789
2.554572864321608,0.07273726321293526
2.57464824120603,0.07160737291490098
2.5947236180904523,0.0705036069137068
2.6147989949748744,0.06942516600972752
2.6348743718592966,0.06837128133281992
2.6549497487437184,0.06734121297153554
2.6750251256281405,0.06633424867407316
2.6951005025125627,0.06534970261671237
2.715175879396985,0.06438691423575138
2.735251256281407,0.06344524711923405
2.7553266331658293,0.06252408795499412
2.775402010050251,0.061622845531769645
2.795477386934673,0.06074094979034943
2.8155527638190954,0.05987785092190824
2.8356281407035175,0.05903301851086737
2.8557035175879397,0.05820594071978535
2.875778894472362,0.05739612351393994
2.895854271356784,0.056603089923407915
2.915929648241206,0.055826379340584056
2.936005025125628,0.05506554685120798
2.95608040201005,0.05432016259708432
2.9761557788944724,0.053589811168791794
2.9962311557788945,0.052874091026778994
3.0163065326633167,0.05217261394934094
3.0363819095477385,0.05148500450605879
3.0564572864321606,0.05081089955536955
3.076532663316583,0.05014994776501014
3.096608040201005,0.04950180915415325
3.116683417085427,0.04886615465612102
3.1367587939698494,0.04824266570062609
3.156834170854271,0.04763103381455
3.1769095477386933,0.04703096024032463
3.1969849246231155,0.04644215557103532
3.2170603015075376,0.04586433940141332
3.23713567839196,0.04529723999393184
3.257211055276382,0.0447405939592633
3.277286432160804,0.04419414595039612
3.297361809045226,0.043657648369747885
3.317437185929648,0.04313086108864743
3.3375125628140703,0.04261355117859271
3.3575879396984925,0.042105492653722626
3.3776633165829146,0.04160646622397133
3.397738693467337,0.04111625905840159
3.4178140703517585,0.040634664558240254
3.4378894472361807,0.04016148213916389
3.457964824120603,0.03969651702240632
3.478040201005025,0.03923958003428182
3.4981155778894473,0.03879048741373869
3.5181909547738694,0.03834906062757774
3.538266331658291,0.0379151261929887
3.5583417085427134,0.03748851550707527
3.5784170854271355,0.03706906468305602
3.5984924623115577,0.036656614392843935
3.61856783919598,0.03625100971572247
3.638643216080402,0.03585209999284957
3.6587185929648243,0.035459738687334784
3.678793969849246,0.0350737832496465
3.698869346733668,0.034694094988118845
3.7189447236180904,0.03432053894433843
3.7390201005025125,0.033952983773201925
3.7590954773869347,0.03359130162744544
3.779170854271357,0.033235368046456264
3.7992462311557786,0.03288506184918631
3.819321608040201,0.032540265030995226
3.839396984924623,0.03220086266425944
3.859472361809045,0.03186674280259055
3.8795477386934674,0.03153779638851423
3.8996231155778895,0.031213917164467395
3.9196984924623117,0.03089500158697811
3.9397738693467335,0.03058094874389875
3.9598492462311556,0.03027166027456889
3.979924623115578,0.029967040292790122
4.0,0.029666995312499996
